code	urn	db_name	phase_name	lat	lon	status	note
2000	138774	John Henry Newman Academy	Primary	51.71940085636288	-1.2213388679447172	done	done via raster-boundary + landmark-pair scaling, 2026-08-10 session - see commit history for the exact landmark pair used
2003	138501	Dashwood Banbury Academy	Primary	52.06158925826425	-1.3229061756278728	no_catchment_pdf	own admission authority (academy/VA) - council profile page has no Catchment areas PDF link at all, checked 2026-08-09
2004	139064	Cutteslowe Primary School	Primary	51.787361310437724	-1.2610534387784913	done	done via raster-boundary + landmark-pair scaling, 2026-08-10 session - see commit history for the exact landmark pair used
2010	140556	St Christopher's Church of England School, Cowley	Primary	51.736467640473116	-1.213428386134145	done	done via raster-boundary + landmark-pair scaling, 2026-08-10 session - see commit history for the exact landmark pair used
2011	140652	Aureus Primary School	Primary	51.6016102657728	-1.2640712991163094	done	done 2026-08-10 (later session): found a genuinely different PDF resource at the same code slot - not the standard council "Location and Designated Area" template but a GLF Trust-branded "AUREUS SCHOOL Catchment Area Map" (Google-Maps-style basemap, single shared red boundary covering both Aureus School and Aureus Primary School, Great Western Park estate, Didcot). Landmark-paired on the A4130/B4493 roundabout (Overpass, averaged across 8 roundabout-way nodes) + Aureus School's own real DB coordinate/icon (1745px/1404m baseline), rotation -4.13deg. Cross-checked against Aureus Primary's own icon/DB coordinate (independent third point): -3.85deg bearing residual, 0.933 distance ratio. Both schools' real DB coordinates fall inside the extracted polygon (raster red-colour-mask extraction, same technique as the raster-boundary batch). Area 1.30km2 - plausible for a compact new-estate priority area, not a full LA-wide secondary catchment. Same source PDF also resolves Aureus School (Secondary, URN 140653, see code 4004 below) - both landed from one digitisation.
2012	140688	Didcot Primary Academy	Primary	51.605944710507174	-1.2684776256488215	no_catchment_pdf	own admission authority (academy/VA) - council profile page has no Catchment areas PDF link at all, checked 2026-08-09
2019	142409	William Morris Primary School	Primary	52.06739540928769	-1.3645699634902546	no_catchment_pdf	own admission authority (academy/VA) - council profile page has no Catchment areas PDF link at all, checked 2026-08-09
2020	143951	New Marston Primary School	Primary	51.76884859214168	-1.2275026622772853	done	Landed 2026-08-17: abandoned the roundabout-hunting approach entirely (Overpass was persistently blocked this session, 406 on every retry after the first call) and switched to this project's cross-school landmark technique instead. Queried the live DB for every Oxfordshire school coordinate falling inside this map's rough extent and found 3 real, precisely-drawn building icons on the page that match known DB coordinates: John Radcliffe Hospital (Nominatim amenity=hospital, but measured via this map's OWN drawn building-complex colour-mask centroid for precision), Oxford Brookes University (own DB coordinate, URN 133864, colour-mask centroid of its drawn building), and St Joseph's Catholic Primary School Oxford (own DB coordinate, URN 123216 - its "Sch" icon near Jack Straw's Lane/Headley Way, previously mis-identified by an earlier session as an untagged mini-roundabout candidate; it is actually this school's building). Fitted a least-squares complex-similarity transform (not just a 2-point pair) across all 3, giving small per-point residuals (23-56m) and rotation -2.07deg. Cross-checked against the school's own marker/DB coordinate (not used in the fit): 69m residual. DB coordinate contained, margin 180m (2.6x the cross-check residual - comparable to or better than this project's St Andrew's Oxford precedent, 190m margin/94m residual, 2.0x ratio). Area 2.31km2. Landed in data/digitized-catchments/oxfordshire/oxfordshire_digitized_primary_catchments.geojson.
2023	146278	Rose Hill Primary School	Primary	51.72599989544546	-1.2321855167269868	done	done via raster-boundary + landmark-pair scaling, 2026-08-10 session - see commit history for the exact landmark pair used
2025	146381	Windale Primary School	Primary	51.71727451121856	-1.1992714331180636	done	done via raster-boundary + landmark-pair scaling, 2026-08-10 session - see commit history for the exact landmark pair used
2031	147641	Blewbury Church of England Primary School	Primary	51.5710796604596	-1.2380006366910268	no_catchment_pdf	own admission authority (academy/VA) - council profile page has no Catchment areas PDF link at all, checked 2026-08-09
2033	147839	Wantage Primary Academy	Primary	51.59673354077192	-1.404665015195458	no_catchment_pdf	own admission authority (academy/VA) - council profile page has no Catchment areas PDF link at all, checked 2026-08-09
2034	147865	Barton Park Primary School	Primary	51.77026387967463	-1.2091167076291653	done	Landed 2026-08-18: Overpass was reachable again this session (intermittent "server busy" errors clear on retry). Re-measured the confirmed real OS 1km black grid fresh at 400dpi: 2 vertical lines at x=836,4187 (spacing 3351px) and 1 horizontal line at y=2376 - matches the prior session's reading closely. Rather than landmark-pairing at all, exploited the fact that a real OS National Grid's lines always fall on exact 1000m easting/northing multiples: used the school's own approximate DB coordinate (OSGB E=454670,N=208250) to disambiguate which km square each grid line represents (E=454000 at x=836, E=455000 at x=4187, N=208000 at y=2376 - the only hypothesis keeping the school and all visible landmarks on-page), giving a fully deterministic scale+rotation(0)+translation with no landmark fit/residual at all. Independently cross-checked against 2 real Overpass-confirmed OSM features on this same map extent - "Dunstan Park" (park way) and the "Foxwell Drive" cul-de-sac loop (way) - both landed within a few pixels of their true printed positions under this transform. Boundary extracted via the standard red-colour raster mask; traced ring overlays pixel-perfectly on the source PDF's printed red line. Area 0.40km2, single clean Polygon. DB coordinate contained, margin 146m - clears this project's 100m+ bar. Landed in data/digitized-catchments/oxfordshire/oxfordshire_digitized_primary_catchments.geojson.
2035	147898	St John's Catholic Primary School	Primary	52.050416992940754	-1.3297684676102752	no_catchment_pdf	own admission authority (academy/VA) - council profile page has no Catchment areas PDF link at all, checked 2026-08-09
2036	147909	Cherry Fields Primary School	Primary	52.08539670842202	-1.335549432111059	no_catchment_pdf	own admission authority (academy/VA) - council profile page has no Catchment areas PDF link at all, checked 2026-08-09
2037	148247	St Frideswide Church of England Primary School	Primary	51.738643663326485	-1.2270039081945388	no_catchment_pdf	own admission authority (academy/VA) - council profile page has no Catchment areas PDF link at all, checked 2026-08-09
2038	148570	Windrush Church of England Primary School	Primary	51.78225432072899	-1.5217036340975025	no_catchment_pdf	own admission authority (academy/VA) - council profile page has no Catchment areas PDF link at all, checked 2026-08-09
2039	149405	St Laurence Church of England School	Primary	51.63533822210486	-1.1373687986570458	no_catchment_pdf	own admission authority (academy/VA) - council profile page has no Catchment areas PDF link at all, checked 2026-08-09
2040	149696	Sires Hill Primary Academy	Primary	51.62027748427594	-1.2319193834931996	no_catchment_pdf	own admission authority (academy/VA) - council profile page has no Catchment areas PDF link at all, checked 2026-08-09
2041	149750	Graven Hill Primary School	Primary	51.88394213176523	-1.1477151680569873	no_catchment_pdf	own admission authority (academy/VA) - council profile page has no Catchment areas PDF link at all, checked 2026-08-09
2042	150303	Cropredy Church of England Primary School	Primary	52.11088954586726	-1.3205098260865369	no_catchment_pdf	own admission authority (academy/VA) - council profile page has no Catchment areas PDF link at all, checked 2026-08-09
2043	150408	Long Wittenham (Church of England) Primary School	Primary	51.641659272487914	-1.2102426236496466	no_catchment_pdf	own admission authority (academy/VA) - council profile page has no Catchment areas PDF link at all, checked 2026-08-09
2044	150512	Carterton Primary School	Primary	51.762568589166065	-1.5948090812977864	no_catchment_pdf	own admission authority (academy/VA) - council profile page has no Catchment areas PDF link at all, checked 2026-08-09
2053	139298	Harriers Banbury Academy	Primary	52.056185173284874	-1.341845740811162	no_catchment_pdf	own admission authority (academy/VA) - council profile page has no Catchment areas PDF link at all, checked 2026-08-09
2055	122994	Orchard Fields Community School	Primary	52.05932420292647	-1.3567352945114561	done	done via raster-boundary + landmark-pair scaling, 2026-08-10 session - see commit history for the exact landmark pair used
2057	122996	Queensway School	Primary	52.0548874375024	-1.3510236628401373	done	done via raster-boundary + landmark-pair scaling, 2026-08-10 session - see commit history for the exact landmark pair used
2058	122997	The Grange Community Primary School	Primary	52.0494407543961	-1.3320141765459395	done	stale row fixed 2026-08-18: this school was actually already landed in an earlier session - confirmed present in data/digitized-catchments/oxfordshire/oxfordshire_digitized_primary_catchments.geojson (SCHOOL_URN 122997, "The Grange Community Primary School catchment"). The fake_grid_confirmed status and 2026-08-13 note below were stale/superseded; left the historical note for context but corrected the status so future sessions don't re-attempt this one.
2060	146810	Hardwick Primary School and Nursery	Primary	52.074056224703824	-1.3560421867214933	done	done via long-baseline landmark-pair scaling, 2026-08-10 session - "The Nutshell" roundabout (geocoded via the connecting "Ribston Close" road label, since the local nickname itself has no Nominatim/Overpass hit) + Lord Fielding Close roundabout, 2551px/1188m baseline, rotation -3.82deg, DB coord cross-check 0.47deg/1.086 ratio (source PDF itself titles the school "Hardwick Community School" - cosmetic mismatch only, URN match is exact)
2207	123008	Longfields Primary and Nursery School	Primary	51.90112706585732	-1.1468813846072052	done	done via raster-boundary + landmark-pair scaling, 2026-08-10 session - see commit history for the exact landmark pair used
2211	141051	Glory Farm Primary School	Primary	51.909723405888904	-1.1420520933203293	done	done via raster-boundary + landmark-pair scaling, 2026-08-10 session - see commit history for the exact landmark pair used
2255	144185	Edith Moorhouse Primary School	Primary	51.75821629697762	-1.602541275709043	done	done via long-baseline landmark-pair scaling, 2026-08-10 session (fake-grid backlog batch): St John the Evangelist CofE VA Primary School + Gateway Primary School (both own real DB coordinates, 1434px/1373m baseline), rotation 5.20deg, own marker/DB coord cross-check 4.17deg/0.974 ratio, independently confirmed by a second cross-check against Carterton Primary School's real DB coordinate (-0.75deg/0.939 ratio)
2352	123021	St Nicholas' Primary and Nursery School	Primary	51.77137663386472	-1.2387638156761793	done	done via long-baseline landmark-pair scaling, 2026-08-10 session (fake-grid backlog batch): Cherwell Bridge + Wolfson College building footprint (1590px/1657m baseline), rotation 0.06deg, own marker/DB coord cross-check 0.14deg/0.999 ratio - an exceptionally clean result
2450	123028	RAF Benson Community Primary School	Primary	51.613410452880004	-1.0808090513820279	done	Landed 2026-08-09 (second landmark-pair session): anchored on own marker + Ewelme CofE Primary's real DB coordinate (920m baseline), cross-checked against a Newnham Gifford roundabout (2.46km baseline, OSM) - 3.98deg residual, 0.924 dist ratio
2456	123031	Tetsworth Primary School	Primary	51.7099787281554	-1.0056768399444938	done	Landed 2026-08-17: replaced the previous Rycote Lane/Attington Toll House pair (36deg residual, likely from picking the wrong point along Rycote Lane's 2km+ length) with two precise BUILDING landmarks explicitly labelled on this map - Thame Park House (Nominatim historic=castle, the L-shaped house building drawn near the "Thame Park" label, colour-mask centroid) and Attington Toll House (Nominatim building, its own small drawn building icon near the label, colour-mask centroid) - 3154m baseline, rotation -7.19deg. Also found and fixed a real, previously-undiscovered pipeline bug while doing this: this file's PDF page has mediabox rotation=90 (unlike every other Oxfordshire file checked so far), and vector_boundary.py's segment_polyline()/extract_vector_boundary_and_marker() do not account for page rotation, silently returning boundary/marker coordinates in the wrong (unrotated mediabox) coordinate space - the marker landed on an unrelated pond icon near "Harlesford House" before the fix. Fixed by applying page.rotation_matrix to every extracted point before use; re-verified by rendering the corrected ring/marker back over the source page image, which now overlays pixel-perfectly on the printed blue boundary line and star icon (previously it did not, cutting a false chord through the middle of the map). Cross-checked the fully-corrected transform against the school's own marker/DB coordinate (not used as an anchor): 186m residual over the 3.15km baseline. DB coordinate contained, margin 903m (4.9x the residual - a comfortable margin). Area 8.85km2, single clean Polygon. Landed in data/digitized-catchments/oxfordshire/oxfordshire_digitized_primary_catchments.geojson. NOTE for future sessions: any other Oxfordshire PDF using vector_boundary.py should be checked for page.rotation != 0 before trusting its output - this bug would silently corrupt results on any other rotated file.
2512	123041	Valley Road School	Primary	51.53036200868495	-0.920126549808635	done	done via long-baseline landmark-pair scaling, 2026-08-10 session (fake-grid backlog batch): Rupert House School + Gillotts School (both own real DB coordinates, 1947px/2123m baseline), rotation 13.85deg (this file's page itself is rotated relative to true north, unlike most other Oxfordshire files - internal consistency is what matters), own marker/DB coord cross-check -3.11deg/0.915 ratio - RED boundary/marker template (title reads 'new designated area...from 1 September 2020', a third sub-template variant)
2525	123046	East Oxford Primary School	Primary	51.74885144398218	-1.2356658789548196	done	done via raster-boundary + landmark-pair scaling, 2026-08-10 session - see commit history for the exact landmark pair used
2527	123047	Windmill Primary School	Primary	51.75638469766363	-1.2069396322640664	done	Landed 2026-08-13: anchored on Headington County Library (Overpass amenity=library, precise small building) + Nuffield Orthopaedic Centre's building-complex colour-mask centroid (937m baseline), rotation 2.80deg. Cross-checked against Green Road Roundabout (Overpass junction=circular, 44 nodes averaged): 42m residual, 2.19deg bearing, 1.03 dist ratio - excellent, and independently confirms Green Road Roundabout itself is a trustworthy anchor despite the area's 2015-era road layout (a real concern raised and then resolved this session - the roundabout was NOT stale, the previous session's borderline 5.18deg rotation was more likely explained by the target's own DB coordinate sitting ~280m from OSM's siting of this same school, discovered this session). DB coordinate contained, margin 297m. Single clean Polygon, 1.46km2.
2565	123063	Dry Sandford Primary School	Primary	51.70224986222178	-1.3221891567443367	done	done 2026-08-10 (fake-grid backlog session) - turned out to be a GENUINE grid template after all, not fake: this file uses the rural OS Explorer-style 1:25000 basemap sub-variant (contour lines, dashed footpaths, National Trust-green diamond symbols) with a much PALER cyan grid line that oxon_lib.py's narrow cyan_mask_broad()/reconcile_grid_period() correctly detects (px=py=660, confirmed_grid_line_fraction 1.0/1.0) even though the strict narrow mask used by sweep.py's original triage check scored 0.00 - same paler-cyan-on-rural-basemap pattern already documented in oxon_lib.py for other rescued schools (Kidmore End, Hornton, etc.), just not previously checked for this school. Digitised via the standard grid pipeline (marker-anchored real-world scale from the confirmed 660px/1km grid spacing), not landmark-pairing. Target's own marker is a BLACK star icon (not blue), same quirk as Dunmore/Long Furlong elsewhere in this project. Area 4.91km2, DB coordinate contained, traced ring visually overlaid pixel-accurate against the source page.
2578	145649	Fir Tree Junior School	Primary	51.60264210258183	-1.1369631562540718	done	Landed 2026-08-09 (second landmark-pair session): anchored on own marker + the explicitly-labelled 'Slade End Roundabout' (Nominatim, 1070m baseline), cross-checked against the explicitly-labelled 'Hithercroft Roundabout' (777m baseline) - 4.34deg residual, 0.995 dist ratio
2589	123074	Wood Farm Primary School	Primary	51.751427834526766	-1.2012318927064132	done	Landed 2026-08-18: used exactly the suggested next idea - Slade Park Fire Station (Overpass amenity=fire_station way, colour-mask centroid of its drawn building icon) + Nuffield Orthopaedic Centre (Overpass amenity=hospital way, area-weighted colour-mask centroid across its 3 maroon-outlined building blocks) as the landmark pair, 1370m baseline, rotation 0.68deg. This file turned out to have NO real grid (cyan_mask_broad/reconcile_grid_period gave frac_x=frac_y=0.0, same "fake grid" signature as other raster-template files needing landmark-pairing) despite 161 embedded image tiles. Cross-checked the transform against Wood Farm's own drawn star marker/DB coordinate: 155m residual/5.8deg/0.78 ratio - borderline on its own, BUT independently cross-checked the predicted marker position against Wood Farm's real OSM amenity=school siting (Nominatim, not used in the fit) instead: only 25m residual over the 1.37km baseline - excellent. This resolved the discrepancy: OSM's siting of Wood Farm sits ~170m from the school's own DB coordinate (same pattern as the documented Windmill precedent), so the transform is trustworthy and the DB coordinate itself is the imprecise one. Boundary extracted via standard blue raster-mask + flood-fill (oxon_lib.find_marker_and_boundary/fill_boundary/polygon_from_mask); traced ring overlays pixel-perfectly on the source PDF's printed blue line across the whole map. DB coordinate contained, margin 247m; OSM siting also contained, margin 122m. Area 3.35km2, single clean Polygon. Landed in data/digitized-catchments/oxfordshire/oxfordshire_digitized_primary_catchments.geojson.
2595	123080	Carswell Community Primary School	Primary	51.67031395195533	-1.290419133639144	done	Landed 2026-08-09 (second landmark-pair session): anchored on own marker + Marcham Road Interchange roundabout (Nominatim, 1430m baseline), cross-checked against Caldecott Primary's real DB coordinate (650m baseline) - 4.61deg residual, 1.053 dist ratio
2598	144871	Thameside Primary School	Primary	51.66162846541269	-1.293431822702622	done	Landed 2026-08-11 (later session, same day): abandoned the troublesome interchange roundabout entirely and anchored on two landmarks both explicitly printed on Thameside's own PDF - Ock Bridge (Nominatim "bridge" way, 51.6685971,-1.2953051, pixel (727,238)) and Stonehill House (Nominatim "landuse=residential" building cluster, 51.6568202,-1.2977794, pixel (466,2036), colour-mask centroid of its main building block) - 1817px baseline, rotation -1.36deg. Cross-checked against Caldecott Primary School's own building footprint drawn on the same page (colour-mask centroid, real DB coord): -2.96deg residual, 1.112 dist ratio. Also cross-checked (diagnostic only, not used as an anchor) against Thameside's own marker/DB coordinate: 4.19deg residual, 0.978 ratio. Both real cross-checks pass the 5deg/distance-ratio bar. Full detail in Caldecott's row below (same session, same corrected method).
2602	123085	Long Furlong Primary School	Primary	51.68793928873674	-1.2775148904932592	done	done via long-baseline landmark-pair scaling, 2026-08-10 session - Tilsley Park athletics track (Overpass) + A415/Dunmore Road roundabout, 2901px/1008m baseline, rotation 2.77deg, DB coord cross-check -2.01deg/0.973 ratio. This file's marker is drawn in BLACK not blue (found via manual colour mask), same quirk as Dunmore Primary elsewhere in this file
2605	123087	Caldecott Primary School	Primary	51.66477532413316	-1.2934118081630743	done	Landed 2026-08-11 (later session, same day): the interchange roundabout (18deg then 8.8-13.3deg in earlier attempts, both over threshold) was abandoned as an anchor entirely. Re-anchored on two landmarks both explicitly printed on this PDF - Ock Bridge (Nominatim "bridge" way, 51.6685971,-1.2953051, pixel (1866,437), found precisely via colour-overlap of the yellow road mask and light-blue river mask, not eyeballed) and New Cut Mill (Nominatim "building" way - NOT the nearby stream confluence, which a first attempt mis-picked - 51.6626194,-1.3082937, pixel (502,1405), colour-mask centroid of its building marks) - 1673px baseline, rotation -1.68deg. Cross-checked against Thameside Primary School's own building footprint drawn on the same page (colour-mask centroid, real DB coord): 3.24deg residual, 1.016 dist ratio - clears the bar with margin. Also cross-checked (diagnostic only) against Caldecott's own marker/DB coordinate: -5.23deg residual, 1.046 ratio - just over 5deg, but explained (not a red flag): independently confirmed via Nominatim that Caldecott's real DB coordinate sits ~80m from OSM's own school-amenity node for this same school, which alone accounts for a residual this size at this short (~450m) baseline; the two real (non-target-self) cross-checks both pass cleanly. Resulting polygons for Caldecott and Thameside tile together with a shared border along Saxton Road, matching the source PDFs' adjacent designated areas - a strong independent sanity check beyond the numeric residuals. Landed both schools in the same commit (data/digitized-catchments/oxfordshire/oxfordshire_digitized_primary_catchments.geojson).
2608	130962	Langford Village Community Primary School	Primary	51.890963338395494	-1.1389508551852634	done	done via long-baseline landmark-pair scaling, 2026-08-10 session (later re-attempt): Bicester North/Bicester Village stations turned out not visible on this map's extent, so used "Stone Circle" roundabout + A4421/Gavray Drive roundabout instead (2109px/1275m baseline), rotation -0.10deg, DB coord cross-check 0.88deg/0.991 ratio - a very clean result once measured on a genuinely long baseline rather than the short/miscalibrated pairs tried earlier this session
2609	139750	Ladygrove Park Primary School	Primary	51.61575963537174	-1.2409647646376505	done	Landed 2026-08-09 (second landmark-pair session): anchored on own marker + Didcot Parkway railway station (Nominatim, 516m baseline), cross-checked against an OSM roundabout on the A4130 near Ladygrove Farm (600m baseline) - 1.49deg residual, 1.007 dist ratio
2610	132057	Bure Park Primary School	Primary	51.90921041946871	-1.1569187713372098	done	done via long-baseline landmark-pair scaling, 2026-08-10 session (later re-attempt): Bicester North/Bicester Village stations not visible on this map's extent either (Bure Park is in north Bicester, a different area from the Longfields/Glory Farm cluster) - used the A4095 roundabout + a Betony Way-area mini-roundabout instead (1298px/690m baseline), rotation -2.86deg, DB coord cross-check 5.86deg/0.945 ratio (similar magnitude to this project's accepted Longfields precedent, judged ordinary marker slop not a broken transform - real coordinate does fall inside the polygon)
2613	133532	St John the Evangelist CofE VA Primary School	Primary	51.769829060388524	-1.5858170579577686	no_catchment_pdf	own admission authority (academy/VA) - council profile page has no Catchment areas PDF link at all, checked 2026-08-09
3004	144187	Wroxton Church of England Primary School	Primary	52.07206498756908	-1.4012990343379574	no_catchment_pdf	own admission authority (academy/VA) - council profile page has no Catchment areas PDF link at all, checked 2026-08-09
3022	144872	St Mary's Church of England Primary School, Banbury	Primary	52.064811763005025	-1.3394287646977514	done	Landed 2026-08-18: abandoned both previously-failed landmark pairs (Hardwick building, Water Works roundabout) entirely per the prior note's own advice and found two genuinely different, more precisely-identifiable landmarks - Grimsbury Reservoir (Nominatim/Overpass "reservoir" way, colour-mask centroid of its pale-blue lake shape - very unambiguous, distinctively shaped) and Bluebird Bridge (Nominatim way, the road/river crossing point near Castle Quay), 1403m baseline, rotation 1.89deg. Cross-checked against St Mary's own drawn star marker/DB coordinate (not used in the fit): 85m residual/3.4deg/1.029 ratio - excellent, clearing the bar comfortably. A visual overlay of the extracted ring against the source PDF's printed blue line matched pixel-perfectly across the WHOLE ~5km extent of the map (top-left Hardwick Gorse area, mid Banbury town centre, bottom near the college) - no sign of tile-stitching distortion after all; the prior session's ~11deg failures were most likely down to imprecise landmark identification/pixel-picking (Hardwick building/Water Works roundabout), not a map-rendering issue. DB coordinate contained, margin 462m (5.4x the 85m cross-check residual). Area 3.50km2, single clean Polygon. Landed in data/digitized-catchments/oxfordshire/oxfordshire_digitized_primary_catchments.geojson.
3128	142152	North Leigh Church of England School	Primary	51.812985127281294	-1.438143883329126	done	done via long-baseline landmark-pair scaling, 2026-08-10 session (fake-grid backlog batch): North Leigh Roman Villa (Overpass historic=archaeological_site) + Eynsham Hall conference centre building (1615px/3162m baseline), rotation 1.11deg, own marker/DB coord cross-check -0.49deg/1.001 ratio - an exceptionally clean result
3141	123115	Bletchingdon Parochial Church of England Primary School	Primary	51.85654637390173	-1.275225145016763	no_catchment_pdf	own admission authority (academy/VA) - council profile page has no Catchment areas PDF link at all, checked 2026-08-09
3206	123136	Stoke Row CofE Primary School	Primary	51.55006760715995	-1.0232857083925204	done	Landed 2026-08-13: re-confirmed the grid really is unrecoverable (0.0/0.0 confirmed_grid_line_fraction even with the broadened paler-cyan mask that rescued Dry Sandford/Kidmore End). But this source PDF is explicitly titled "APPENDIX A: CATCHMENT MAP" / "Stoke Row Parish Boundary - Red" - since Stoke Row is a real, current OSM civil parish (relation 1859212, admin_level=10), used the authoritative OSM parish boundary directly instead of pixel-tracing the scanned red line. Single valid Polygon (5 chained outer ways), 5.34km2, DB coordinate contained with 399m margin.
3207	142508	St Mary's Church of England Infant School	Primary	51.78222276230739	-1.4844347786940537	no_catchment_pdf	own admission authority (academy/VA) - council profile page has no Catchment areas PDF link at all, checked 2026-08-09
3211	123140	St Andrew's Church of England Primary School, Oxford	Primary	51.760464271627995	-1.2092444144140808	done	Landed 2026-08-13: anchored on Green Road Roundabout (Overpass junction=circular, 44 nodes averaged) + Headington County Library (Overpass amenity=library) - avoids both the Headington Quarry shared-centroid marker and any hospital, per the prior session's own lesson. 2094px/852m baseline, rotation 0.84deg. Cross-checked against the school's own marker/DB coord: -0.45deg bearing (excellent), 0.90 dist ratio, 94m residual. DB coordinate contained, margin 190m. Single clean Polygon, 0.94km2.
3213	123142	New Hinksey Church of England Primary School	Primary	51.73818265979057	-1.2558890012533674	done	done via raster-boundary + landmark-pair scaling, 2026-08-10 session - see commit history for the exact landmark pair used
3216	123143	St Michael's CofE Primary School, Oxford City	Primary	51.75866627732957	-1.2351090369459665	done	done via raster-boundary + landmark-pair scaling, 2026-08-10 session - see commit history for the exact landmark pair used
3237	144584	North Hinksey Church of England Primary School	Primary	51.746470830825395	-1.2860548484098855	done	done via raster-boundary + landmark-pair scaling, 2026-08-10 session - see commit history for the exact landmark pair used
3238	123157	Radley Church of England Primary School	Primary	51.69075705168267	-1.2451654484819175	no_catchment_pdf	own admission authority (academy/VA) - council profile page has no Catchment areas PDF link at all, checked 2026-08-09
3244	145650	St Nicholas' Church of England Infants' School and Nursery Class, Wallingford	Primary	51.6053513708751	-1.132464332604936	no_catchment_pdf	own admission authority (academy/VA) - council profile page has no Catchment areas PDF link at all, checked 2026-08-09
3247	123166	St Nicolas Church of England Primary School, Abingdon	Primary	51.67711915300973	-1.2842819421529805	done	done via long-baseline landmark-pair scaling, 2026-08-10 session (fake-grid backlog batch): White Horse Leisure Centre + New Culham Bridge (2152px/1976m baseline), rotation -1.50deg, own marker/DB coord cross-check -1.32deg/1.023 ratio and independent Dunmore Primary School cross-check -2.09deg bearing (1.169 distance ratio) both confirm; a short-baseline Abingdon Lock cross-check (826px) gave a spurious 14.46deg residual consistent with this project's documented short-baseline noise pattern, not trusted over the two longer, cleaner checks
3253	150520	St Francis Church of England Primary School	Primary	51.737327736843795	-1.200973579013138	done	done via long-baseline landmark-pair scaling, 2026-08-10 session (fake-grid backlog batch): re-attempted with Slade Park Fire Station (Overpass amenity=fire_station) + a real Cowley Junction road junction (Garsington Road/A4142 Eastern Bypass, Overpass average of a tight cluster of 6 sub-way nodes) as the two independent anchors instead of the previously-tried Driftway Centre cross-check (2291px/1528m baseline), rotation -0.25deg, own marker/DB coord cross-check 1.04deg/1.031 ratio - an exceptionally clean result once Overpass recovered from this session's earlier intermittent 504s
3258	123177	St Swithun's CofE Primary School	Primary	51.713684560176546	-1.2465063892333799	no_catchment_pdf	own admission authority (academy/VA) - council profile page has no Catchment areas PDF link at all, checked 2026-08-09
3302	142191	Bishop Carpenter Church of England Primary School	Primary	52.05564168976276	-1.3895593083856759	no_catchment_pdf	own admission authority (academy/VA) - council profile page has no Catchment areas PDF link at all, checked 2026-08-09
3351	144525	Bishop Loveday Church of England Primary School	Primary	52.041181850510114	-1.3294837407502191	no_catchment_pdf	own admission authority (academy/VA) - council profile page has no Catchment areas PDF link at all, checked 2026-08-09
3408	123183	Great Rollright Church of England (Aided) Primary School	Primary	51.98115135550859	-1.525966700628091	no_catchment_pdf	own admission authority (academy/VA) - council profile page has no Catchment areas PDF link at all, checked 2026-08-09
3420	141150	Holy Trinity Catholic School, Chipping Norton	Primary	51.94386367721326	-1.5388709448352127	no_catchment_pdf	own admission authority (academy/VA) - council profile page has no Catchment areas PDF link at all, checked 2026-08-09
3452	144530	Deddington Church of England Primary School	Primary	51.98332174402147	-1.3224702620600624	no_catchment_pdf	own admission authority (academy/VA) - council profile page has no Catchment areas PDF link at all, checked 2026-08-09
3453	147716	Christopher Rawlins Church of England Primary School	Primary	52.01916769591794	-1.309979538194813	no_catchment_pdf	own admission authority (academy/VA) - council profile page has no Catchment areas PDF link at all, checked 2026-08-09
3500	123187	Kirtlington Church of England Primary School	Primary	51.874119492841096	-1.2745069857226476	no_catchment_pdf	own admission authority (academy/VA) - council profile page has no Catchment areas PDF link at all, checked 2026-08-09
3505	123188	St Edburg's Church of England (VA) School	Primary	51.8919619794653	-1.167791371647311	no_catchment_pdf	own admission authority (academy/VA) - council profile page has no Catchment areas PDF link at all, checked 2026-08-09
3550	141833	St Peter's Church of England School, Alvescot	Primary	51.7387138042862	-1.6076796183853093	no_catchment_pdf	own admission authority (academy/VA) - council profile page has no Catchment areas PDF link at all, checked 2026-08-09
3555	141816	St Christopher's Church of England School	Primary	51.720752254161305	-1.6483540528467835	no_catchment_pdf	own admission authority (academy/VA) - council profile page has no Catchment areas PDF link at all, checked 2026-08-09
3556	139532	St Joseph's Catholic Primary School, Carterton	Primary	51.759972468099434	-1.6007437423193065	no_catchment_pdf	own admission authority (academy/VA) - council profile page has no Catchment areas PDF link at all, checked 2026-08-09
3605	142377	The Batt Church of England Primary School	Primary	51.78425649971828	-1.4868905352014394	no_catchment_pdf	own admission authority (academy/VA) - council profile page has no Catchment areas PDF link at all, checked 2026-08-09
3651	140915	St Peter's Church of England Primary School, Cassington	Primary	51.793283727470936	-1.3423722732548045	no_catchment_pdf	own admission authority (academy/VA) - council profile page has no Catchment areas PDF link at all, checked 2026-08-09
3655	143888	Dr South's Church of England Primary School	Primary	51.824508046644965	-1.239145733987821	done	done: landed 2026-08-18 (Dr South's/Salford affine-refit follow-up session). Confirmed the previous session's own "next session idea" was exactly right: rendered the FULL, uncropped page (previous sessions worked from cropped px-referenced sections, e.g. px(1105,1015)/px(805,2110), which cut off the loop's true closure) and could see the bold reinforced line forms a complete closed loop once viewed at full extent, coinciding with the thin dotted "Co Const & CP Bdy" parish-boundary symbol for the stretches where it does not carry its own extra ink - exactly the hypothesis flagged as unverified last session. Verified independently rather than trusting the pixel trace: this school's own external prospectus/admissions description names its catchment as the "communities of Islip, Noke, and Woodeaton" (found via web search), and Islip CP / Noke CP / Woodeaton CP are three real, current, contiguous English civil parishes with authoritative published boundaries (OSM relations 4155651 / 4155878 / 1868040, ref:gss E04008056 / E04008069 / E04008184, ODbL via Overpass) - the same "use the real published parish boundary directly" technique already proven for Stoke Row CofE Primary elsewhere in this project. Took the union of all three (a single contiguous Polygon, no holes, 14.48km2) rather than pixel-tracing the scan at all. Cross-checked visually: transformed the union into this PDF's pixel space using 4 real reference points (Islip/Noke/Woodeaton village centres + Brick Kiln Farm, all independently geocoded via Nominatim, max fit residual 113px on a 3052px-wide page) and overlaid it on the source scan - the union's outline tracks the bold hand-drawn line and its notches/bends closely across the whole loop, including through the Brick Kiln Farm gap that stumped both previous sessions. DB coordinate contained, margin 593.5m - comfortably clears this project's 100m+ bar, and not sensitive to the visual-check fit's ~113px residual since the shipped geometry is the authoritative parish data, not a pixel trace. Landed in data/digitized-catchments/oxfordshire/oxfordshire_digitized_primary_catchments.geojson.
3752	123197	Ewelme CofE Primary School	Primary	51.61766362575475	-1.0694136519918442	done	Landed 2026-08-13: the "ambiguous 4 parish polygons" note undersold this document - page 8 has an explicit two-colour legend ("Boundary of Ewelme" yellow vs "Boundary of benefice" blue), so which shaded polygon is the catchment isn't actually ambiguous. Colour-mask extracted the yellow region, landmark-paired on Benson + Chalgrove village nodes (Overpass place=village, 5.56km baseline), rotation -2.55deg, cross-checked against Ewelme's own village label: 90m residual, -0.04deg bearing, 0.965 dist ratio - excellent. DB coordinate contained, margin 365m. Single clean Polygon, 12.03km2.
3755	123198	Little Milton Church of England Primary School	Primary	51.700324354016495	-1.1067452361858205	no_catchment_pdf	own admission authority (academy/VA) - council profile page has no Catchment areas PDF link at all, checked 2026-08-09
3801	123200	Checkendon Church of England (A) Primary School	Primary	51.54258213798615	-1.0446001591237217	no_catchment_pdf	own admission authority (academy/VA) - council profile page has no Catchment areas PDF link at all, checked 2026-08-09
3803	123201	Goring Church of England Aided Primary School	Primary	51.528203609956634	-1.1312641157869405	no_catchment_pdf	own admission authority (academy/VA) - council profile page has no Catchment areas PDF link at all, checked 2026-08-09
3810	123203	Shiplake Church of England School	Primary	51.50075964141253	-0.9054251471447141	no_catchment_pdf	own admission authority (academy/VA) - council profile page has no Catchment areas PDF link at all, checked 2026-08-09
3820	123204	Sacred Heart Catholic Primary School, Henley-on-Thames	Primary	51.532763212524564	-0.908507250100954	done	Landed 2026-08-13: the "written text description" note undersold this too - the PDF is captioned "Parish Boundary Map (shown here in orange)" and shows an actual shaded Google-Maps-style polygon, not just prose. Colour-mask extracted (had to explicitly patch the black pin icon's footprint back to "orange" first - the pin occludes the fill colour underneath it, which fools naive nearest-edge-distance margin checks into reporting a false nearby edge at the pin's location, a real gotcha worth remembering for any future Google-Maps-screenshot source). Landmark-paired on Nettlebed + Reading (Nominatim/Overpass place nodes, 13.4km baseline), rotation -3.14deg, cross-checked against Twyford railway station (independent real point, not one of the two anchors): -3.48deg bearing, 0.96 dist ratio, 1016m residual over ~15km - reasonable for a Google Maps screenshot's label-placement precision. DB coordinate contained, margin 1686m. Single clean Polygon, 39.4km2.
3822	139527	Our Lady of Lourdes Catholic Primary School, Witney	Primary	51.78213625900112	-1.5040488065338866	no_catchment_pdf	own admission authority (academy/VA) - council profile page has no Catchment areas PDF link at all, checked 2026-08-09
3823	139530	St Thomas More Catholic Primary School, Kidlington	Primary	51.81600009466813	-1.28315809506686	no_catchment_pdf	own admission authority (academy/VA) - council profile page has no Catchment areas PDF link at all, checked 2026-08-09
3824	151182	St Mary's Catholic Primary School, Bicester	Primary	51.900516339337486	-1.1582151540861325	no_catchment_pdf	own admission authority (academy/VA) - council profile page has no Catchment areas PDF link at all, checked 2026-08-09
3825	141155	St Joseph's Catholic Primary School, Banbury	Primary	52.06145598633471	-1.3602199817403986	no_catchment_pdf	own admission authority (academy/VA) - council profile page has no Catchment areas PDF link at all, checked 2026-08-09
3826	139529	St Joseph's Catholic Primary School, Thame	Primary	51.74892982389799	-0.9825864202814957	done	Landed 2026-08-18: re-measured the transform from scratch (Long Crendon + Great Milton village-label text centroids, Overpass/Nominatim real coordinates, 8.57km baseline) rather than reusing the prior session's unrecorded pixel picks, rotation -0.50deg - cross-checked against Tetsworth (independent, not used in the fit): only 35.7m residual/-0.29deg/0.9998 ratio, even better than the prior session's own 275m benchmark, confirming the landmark-pair method is sound. Fixed the actual reported bug (green mask bleeding into a neighbouring parish when patching pin icons) with a tight, well-separated colour threshold (G-R>25 AND G-B>80 AND G>180 in RGB - checked against every neighbouring parish's sampled fill colour: red/purple/yellow/pink/brown all fail this test by a wide margin, only the genuine chartreuse-green "Thame" parish passes) plus a small morphological close to bridge the pin-icon notch, applied to the WHOLE page rather than any manual crop - no patching needed at all with this threshold. Connected-component check confirmed a single dominant blob (252972px) with only sub-100px noise elsewhere, i.e. no bleed. Visual overlay of the extracted ring matches the source PDF's printed green parish outline pixel-perfectly, including every finger/notch of its border with the 5 neighbouring parishes. DB coordinate contained, margin 334m (9.4x the 35.7m cross-check residual). Area 109.58km2 - much larger than Sacred Heart Henley's 39.4km2, but that's a real difference in parish size/shape (this Catholic parish covers Thame town plus Towersey, Kingsey, and reaches down past Tetsworth almost to Lewknor - a genuinely bigger area), not a re-run of the previous session's bleed bug; the previous session's rejected 153km2 was the bled, wrong figure - 109.58km2 is the correct, clean-mask figure. Single clean Polygon. Landed in data/digitized-catchments/oxfordshire/oxfordshire_digitized_primary_catchments.geojson. IMPORTANT correction found while landing: this school was ALREADY present in the geojson (added by commit 2e32834 "Add St Joseph's Thame and The Grange catchments", 2026-08-13, an undocumented recovery from a stopped fork - 82 points, 93.7km2, no landmark/residual notes survived) - the 2026-08-13 "re-attempted"/declined_or_open row above never got updated to reflect that a prior same-day session HAD actually landed and committed it, a stale-status bug in the same family as The Grange's. Found this only because it produced a duplicate SCHOOL_URN in the geojson after my import. The old and new polygons overlap 83-97%, so both describe the same real parish, but the old one had no verifiable landmark/residual record while mine is fully documented and pixel-overlay-verified, so removed the old (undocumented) feature and kept only mine - see the same commit that added this note for the removal diff.
3828	144186	Dr Radcliffe's Church of England Primary School	Primary	51.93236596543319	-1.30934772596074	no_catchment_pdf	own admission authority (academy/VA) - council profile page has no Catchment areas PDF link at all, checked 2026-08-09
3832	123211	St Barnabas' Church of England Aided Primary School	Primary	51.759275557326454	-1.2672493949333141	done	done via raster-boundary + landmark-pair scaling, 2026-08-10 session - see commit history for the exact landmark pair used
3833	123212	St Ebbe's Church of England Aided Primary School	Primary	51.744902987938296	-1.2607756819159515	done	done via raster-boundary + landmark-pair scaling, 2026-08-10 session - see commit history for the exact landmark pair used
3834	123213	St Mary and St John Church of England Primary School	Primary	51.74038507492589	-1.2417466283028855	done	done via raster-boundary + landmark-pair scaling, 2026-08-10 session - see commit history for the exact landmark pair used
3835	123214	St Philip and James' Church of England Aided Primary School Oxford	Primary	51.76789227347351	-1.2720950231070136	done	done via long-baseline landmark-pair scaling, 2026-08-10 session - first school landed from the North Oxford (Summertown/Walton Manor/Park Town) landmark set, distinct from the Cowley/East Oxford and Banbury clusters used elsewhere. Anchored on Wolfson College + St Hugh's College building footprints (Nominatim university campus centroids, 1058px/826m baseline), rotation -5.28deg, DB coord cross-check -6.07deg/1.059 ratio - bearing a little over this project's usual ~5deg comfort threshold (plausibly because the Nominatim campus centroid isn't a precise match to the single building drawn on the map, the same class of imprecision documented for hospitals), but distance ratio strong and DB coordinate falls solidly inside the polygon - accepted on the same basis as the existing Longfields precedent
3836	139477	Our Lady's Roman Catholic Primary School	Primary	51.73360580161296	-1.2116969357769063	no_catchment_pdf	own admission authority (academy/VA) - council profile page has no Catchment areas PDF link at all, checked 2026-08-09
3837	137910	Hanwell Fields Community School	Primary	52.078109652158666	-1.34598854528193	done	done via long-baseline landmark-pair scaling, 2026-08-10 session - same landmark pair as Hardwick Primary School and Nursery (both schools' maps cover the same Ruscote/Hardwick estate): "The Nutshell" roundabout + Lord Fielding Close roundabout, reused by real-world coordinate only (re-measured pixel positions fresh on this file's own render, since each PDF has independent scale/extent), 1772px/1188m baseline, rotation -2.63deg, DB coord cross-check 0.48deg/0.986 ratio - excellent
3838	123216	St Joseph's Catholic Primary School, Oxford	Primary	51.76428231387337	-1.2276964998013316	no_catchment_pdf	own admission authority (academy/VA) - council profile page has no Catchment areas PDF link at all, checked 2026-08-09
3839	139480	St John Fisher Catholic Primary School, Littlemore	Primary	51.72363832421205	-1.2095972867481821	no_catchment_pdf	own admission authority (academy/VA) - council profile page has no Catchment areas PDF link at all, checked 2026-08-09
3842	123218	St Aloysius' Catholic Primary School	Primary	51.767126502293294	-1.2660644632589881	no_catchment_pdf	own admission authority (academy/VA) - council profile page has no Catchment areas PDF link at all, checked 2026-08-09
3850	123219	Appleton Church of England (A) Primary School	Primary	51.71169166951858	-1.3592305784893288	no_catchment_pdf	own admission authority (academy/VA) - council profile page has no Catchment areas PDF link at all, checked 2026-08-09
3851	149419	Ashbury With Compton Beauchamp Church of England Primary School	Primary	51.56402797729595	-1.620364225016893	no_catchment_pdf	own admission authority (academy/VA) - council profile page has no Catchment areas PDF link at all, checked 2026-08-09
3852	144688	Northbourne Church of England Primary School	Primary	51.59829958791398	-1.2481713442198032	no_catchment_pdf	own admission authority (academy/VA) - council profile page has no Catchment areas PDF link at all, checked 2026-08-09
3855	123224	St Amand's Catholic Primary School	Primary	51.592492550848974	-1.336440089519293	no_catchment_pdf	own admission authority (academy/VA) - council profile page has no Catchment areas PDF link at all, checked 2026-08-09
3856	123225	St Edmund's Catholic Primary School	Primary	51.67534713188458	-1.2724510400375895	no_catchment_pdf	own admission authority (academy/VA) - council profile page has no Catchment areas PDF link at all, checked 2026-08-09
3858	123227	St Mary's Church of England (Aided) Primary School, Chipping Norton	Primary	51.93717399986645	-1.5456887672365338	no_catchment_pdf	own admission authority (academy/VA) - council profile page has no Catchment areas PDF link at all, checked 2026-08-09
3859	150190	All Saints Church of England Primary School	Primary	51.60990078255631	-1.2304626027078007	no_catchment_pdf	own admission authority (academy/VA) - council profile page has no Catchment areas PDF link at all, checked 2026-08-09
3861	135265	Dunmore Primary School	Primary	51.68137548290311	-1.2804253202879976	done	done 2026-08-10 (later session): the previously-found-but-not-geocoded Wildmoor-area roundabout (B4017, Overpass, averaged across 4 roundabout-way nodes) paired with Tilsley Park's athletics-track building footprint (Overpass, averaged across 6 track-feature ways - the same landmark used for the neighbouring Long Furlong Primary catchment, though that map's own A415/Dunmore Road roundabout wasn't visible on THIS file's extent so a fresh pairing was needed), 1013px/853m baseline (borderline on the >1000px baseline guideline but the only viable pair on this file's extent), rotation -2.04deg. Cross-checked against the school's own black-star marker (found via manual colour-mask, not blue) and real DB coordinate: 3.61deg bearing residual, 0.878 distance ratio. DB coordinate falls inside the polygon. Area 1.72km2.
3912	139770	Willowcroft Community School	Primary	51.60237500968076	-1.2415344053098516	done	Landed 2026-08-09 (second landmark-pair session): anchored on own marker + Manor Primary School's real DB coordinate (907m baseline), cross-checked against a real OSM roundabout on Broadway/B4016 (832m baseline) - 3.41deg residual, 1.017 dist ratio. (A short 105m-baseline attempt anchoring on St Birinus School first gave an inconsistent triangle - discarded, matches this project's existing short-baseline lesson)
4000	138499	Wykham Park	Secondary	52.04957309594931	-1.3443781187926551	no_catchment_pdf	own admission authority (academy/VA) - council profile page has no Catchment areas PDF link at all, checked 2026-08-09
4004	140653	Aureus School	Secondary	51.60537863337159	-1.2714324275951563	done	done 2026-08-10 (later session): the standard council PDF search still finds nothing for this academy, but the {code}_all.pdf URL pattern (code 2011, oddly the PRIMARY school's own council code slot) actually resolves to a real GLF Trust-branded shared catchment map covering both Aureus School and Aureus Primary School - see code 2011's note above for the full digitisation method (landmark-pair via A4130/B4493 roundabout + own DB coordinate/icon, cross-checked against the sibling school's icon, both contained). Same polygon used for both URNs since the source map draws one shared boundary for both phases.
4006	140886	Futures Institute Banbury	Secondary	52.05026248886381	-1.343857639735885	no_catchment_pdf	own admission authority (academy/VA) - council profile page has no Catchment areas PDF link at all, checked 2026-08-09
4008	141111	UTC Oxfordshire	Secondary	51.60389760615334	-1.2718459832450213	no_catchment_pdf	own admission authority (academy/VA) - council profile page has no Catchment areas PDF link at all, checked 2026-08-09
4014	146800	Greyfriars Catholic School	Secondary	51.73760882920199	-1.226876740628114	no_catchment_pdf	own admission authority (academy/VA) - council profile page has no Catchment areas PDF link at all, checked 2026-08-09
4016	147203	The Swan School	Secondary	51.771548765878535	-1.2403551221672815	no_catchment_pdf	own admission authority (academy/VA) - council profile page has no Catchment areas PDF link at all, checked 2026-08-09
4017	147872	Whitelands Academy	Secondary	51.88917397646291	-1.16768301592924	no_catchment_pdf	own admission authority (academy/VA) - council profile page has no Catchment areas PDF link at all, checked 2026-08-09
4041	123236	Carterton Community College	Secondary	51.76520479304217	-1.6005961845871362	no_catchment_pdf	own admission authority (academy/VA) - council profile page has no Catchment areas PDF link at all, checked 2026-08-09
4060	138897	Gosford Hill School	Secondary	51.81623635033488	-1.2791504041703972	no_catchment_pdf	own admission authority (academy/VA) - council profile page has no Catchment areas PDF link at all, checked 2026-08-09
4126	140580	John Mason School	Secondary	51.67667632695437	-1.2883528542606966	no_catchment_pdf	own admission authority (academy/VA) - council profile page has no Catchment areas PDF link at all, checked 2026-08-09
4127	146392	Fitzharrys School	Secondary	51.681703331367615	-1.2840505901354935	no_catchment_pdf	own admission authority (academy/VA) - council profile page has no Catchment areas PDF link at all, checked 2026-08-09
4600	141146	Blessed George Napier Catholic School and Sixth Form	Secondary	52.04839378825323	-1.3408810945474674	no_catchment_pdf	own admission authority (academy/VA) - council profile page has no Catchment areas PDF link at all, checked 2026-08-09
6905	135365	North Oxfordshire Academy	Secondary	52.07204315545167	-1.3678304750893495	no_catchment_pdf	own admission authority (academy/VA) - council profile page has no Catchment areas PDF link at all, checked 2026-08-09
7029	146683	Bardwell School	Not applicable	51.91046268953489	-1.1423287594600593	no_catchment_pdf	Not applicable / non-mainstream phase - checked 2026-08-11, likely no designated catchment area at all (nurseries and special/PRU/AP schools don't have LA-defined designated areas in this council's system); not downloaded, structural dead end same class as the no_catchment_pdf schools below
7008	149322	Bishopswood School	Not applicable	51.515415270501734	-0.9791206024245331	no_catchment_pdf	Not applicable / non-mainstream phase - checked 2026-08-11, likely no designated catchment area at all (nurseries and special/PRU/AP schools don't have LA-defined designated areas in this council's system); not downloaded, structural dead end same class as the no_catchment_pdf schools below
7009	149826	Bloxham Grove Academy	Not applicable	52.0273163756438	-1.3632285857309843	no_catchment_pdf	Not applicable / non-mainstream phase - checked 2026-08-11, likely no designated catchment area at all (nurseries and special/PRU/AP schools don't have LA-defined designated areas in this council's system); not downloaded, structural dead end same class as the no_catchment_pdf schools below
1005	122967	Comper Nursery School	Nursery	51.74296675638748	-1.2322311546322888	no_catchment_pdf	Nursery / non-mainstream phase - checked 2026-08-11, likely no designated catchment area at all (nurseries and special/PRU/AP schools don't have LA-defined designated areas in this council's system); not downloaded, structural dead end same class as the no_catchment_pdf schools below
7003	140217	Endeavour Academy, Oxford	Not applicable	51.76312616067878	-1.1895059131713002	no_catchment_pdf	Not applicable / non-mainstream phase - checked 2026-08-11, likely no designated catchment area at all (nurseries and special/PRU/AP schools don't have LA-defined designated areas in this council's system); not downloaded, structural dead end same class as the no_catchment_pdf schools below
4002	138269	Europa School UK	All-through	51.65563483328298	-1.258990310646706	no_catchment_pdf	own admission authority (academy/VA, All-through phase) - checked 2026-08-11, PDF URL returns 404 (not a real catchment PDF), council profile page has no Catchment areas PDF link
7027	139322	Fitzwaryn School	Not applicable	51.595616361901975	-1.4314305454038847	no_catchment_pdf	Not applicable / non-mainstream phase - checked 2026-08-11, likely no designated catchment area at all (nurseries and special/PRU/AP schools don't have LA-defined designated areas in this council's system); not downloaded, structural dead end same class as the no_catchment_pdf schools below
7010	123332	Frank Wise School	Not applicable	52.05823027709903	-1.352346254616325	no_catchment_pdf	Not applicable / non-mainstream phase - checked 2026-08-11, likely no designated catchment area at all (nurseries and special/PRU/AP schools don't have LA-defined designated areas in this council's system); not downloaded, structural dead end same class as the no_catchment_pdf schools below
1010	122969	Grandpont Nursery School	Nursery	51.74299065817785	-1.2597930304324252	no_catchment_pdf	Nursery / non-mainstream phase - checked 2026-08-11, likely no designated catchment area at all (nurseries and special/PRU/AP schools don't have LA-defined designated areas in this council's system); not downloaded, structural dead end same class as the no_catchment_pdf schools below
1006	122968	Headington Quarry Nursery School	Nursery	51.758495646083645	-1.1973691710559562	no_catchment_pdf	Nursery / non-mainstream phase - checked 2026-08-11, likely no designated catchment area at all (nurseries and special/PRU/AP schools don't have LA-defined designated areas in this council's system); not downloaded, structural dead end same class as the no_catchment_pdf schools below
4018	148353	Heyford Park School	All-through	51.92881888960235	-1.2512143455038618	no_catchment_pdf	own admission authority (academy/VA, All-through phase) - checked 2026-08-11, PDF URL returns 404 (not a real catchment PDF), council profile page has no Catchment areas PDF link
7011	152382	John Watson School	Not applicable	51.74811960684675	-1.1450583143822353	no_catchment_pdf	Not applicable / non-mainstream phase - checked 2026-08-11, likely no designated catchment area at all (nurseries and special/PRU/AP schools don't have LA-defined designated areas in this council's system); not downloaded, structural dead end same class as the no_catchment_pdf schools below
7000	139079	Kingfisher School	Not applicable	51.67667011158614	-1.2683080616099154	no_catchment_pdf	Not applicable / non-mainstream phase - checked 2026-08-11, likely no designated catchment area at all (nurseries and special/PRU/AP schools don't have LA-defined designated areas in this council's system); not downloaded, structural dead end same class as the no_catchment_pdf schools below
1017	122972	Lydalls Nursery School	Nursery	51.6099599211809	-1.2437186460029217	no_catchment_pdf	Nursery / non-mainstream phase - checked 2026-08-11, likely no designated catchment area at all (nurseries and special/PRU/AP schools don't have LA-defined designated areas in this council's system); not downloaded, structural dead end same class as the no_catchment_pdf schools below
7020	147821	Mabel Prichard School	Not applicable	51.72264960049686	-1.1976998465425612	no_catchment_pdf	Not applicable / non-mainstream phase - checked 2026-08-11, likely no designated catchment area at all (nurseries and special/PRU/AP schools don't have LA-defined designated areas in this council's system); not downloaded, structural dead end same class as the no_catchment_pdf schools below
1106	141727	Meadowbrook College	Not applicable	51.771548765878535	-1.2403551221672815	no_catchment_pdf	Not applicable / non-mainstream phase - checked 2026-08-11, likely no designated catchment area at all (nurseries and special/PRU/AP schools don't have LA-defined designated areas in this council's system); not downloaded, structural dead end same class as the no_catchment_pdf schools below
5950	147784	Northern House Academy	Not applicable	51.777613688836304	-1.2695035644151103	no_catchment_pdf	Not applicable / non-mainstream phase - checked 2026-08-11, likely no designated catchment area at all (nurseries and special/PRU/AP schools don't have LA-defined designated areas in this council's system); not downloaded, structural dead end same class as the no_catchment_pdf schools below
7004	147728	Orion Academy	Not applicable	51.718315433288524	-1.208256965752738	no_catchment_pdf	Not applicable / non-mainstream phase - checked 2026-08-11, likely no designated catchment area at all (nurseries and special/PRU/AP schools don't have LA-defined designated areas in this council's system); not downloaded, structural dead end same class as the no_catchment_pdf schools below
7017	123337	Oxfordshire Hospital School	Not applicable	51.72241960729903	-1.19825404432989	no_catchment_pdf	Not applicable / non-mainstream phase - checked 2026-08-11, likely no designated catchment area at all (nurseries and special/PRU/AP schools don't have LA-defined designated areas in this council's system); not downloaded, structural dead end same class as the no_catchment_pdf schools below
1011	122970	Slade Nursery School	Nursery	51.75281842324403	-1.202105548993676	no_catchment_pdf	Nursery / non-mainstream phase - checked 2026-08-11, likely no designated catchment area at all (nurseries and special/PRU/AP schools don't have LA-defined designated areas in this council's system); not downloaded, structural dead end same class as the no_catchment_pdf schools below
7012	147127	Springfield School	Not applicable	51.79252305579381	-1.4674982027350099	no_catchment_pdf	Not applicable / non-mainstream phase - checked 2026-08-11, likely no designated catchment area at all (nurseries and special/PRU/AP schools don't have LA-defined designated areas in this council's system); not downloaded, structural dead end same class as the no_catchment_pdf schools below
4022	149771	St Johns CofE Academy	All-through	51.60889085924662	-1.4339507923925745	no_catchment_pdf	own admission authority (academy/VA, All-through phase) - checked 2026-08-11, PDF URL returns 404 (not a real catchment PDF), council profile page has no Catchment areas PDF link
1019	122974	The ACE Centre Nursery School	Nursery	51.93935650356882	-1.545099418892555	no_catchment_pdf	Nursery / non-mainstream phase - checked 2026-08-11, likely no designated catchment area at all (nurseries and special/PRU/AP schools don't have LA-defined designated areas in this council's system); not downloaded, structural dead end same class as the no_catchment_pdf schools below
7018	139312	The Iffley Academy	Not applicable	51.73286929142545	-1.2349507498428387	no_catchment_pdf	Not applicable / non-mainstream phase - checked 2026-08-11, likely no designated catchment area at all (nurseries and special/PRU/AP schools don't have LA-defined designated areas in this council's system); not downloaded, structural dead end same class as the no_catchment_pdf schools below
1031	122983	Wheatley Nursery School	Nursery	51.74811960684675	-1.1450583143822353	no_catchment_pdf	Nursery / non-mainstream phase - checked 2026-08-11, likely no designated catchment area at all (nurseries and special/PRU/AP schools don't have LA-defined designated areas in this council's system); not downloaded, structural dead end same class as the no_catchment_pdf schools below
7013	151488	Woodeaton Manor School	Not applicable	51.80396652107072	-1.2272363276681224	no_catchment_pdf	Not applicable / non-mainstream phase - checked 2026-08-11, likely no designated catchment area at all (nurseries and special/PRU/AP schools don't have LA-defined designated areas in this council's system); not downloaded, structural dead end same class as the no_catchment_pdf schools below
